{"price_m2":{"":2140.0916959616,"abasto":2719.0920198038,"agronomia":3884.1734166556,"almagro":3006.4455089665,"almirante brown":2725.9207059327,"avellaneda":2189.0524558544,"balvanera":2330.016070901,"barracas":2881.4704331625,"barrio norte":3375.6074693302,"belgrano":4493.8131254499,"berazategui":2137.5600685445,"boca":1900.5924475914,"boedo":2784.3197946077,"caballito":3295.4851385852,"canitas":4902.9909074532,"canuelas":1463.183549654,"catalinas":2353.8319141059,"centro microcentro":2752.8286461331,"chacarita":3051.7862266382,"coghlan":4424.4246123116,"colegiales":3423.1398525849,"congreso":2542.8710673708,"constitucion":2018.6534068436,"distrito audiovisual":3000.0,"esteban echeverria":1771.1559835936,"ezeiza":2029.007424208,"florencio varela":1703.2673351016,"flores":3178.4623174425,"floresta":2281.3965619685,"lanus":null,"liniers":2663.5680795916,"lomas zamora":3302.4324310298,"mataderos":2989.1282800451,"monserrat":2456.2184271157,"monte castro":2675.261420877,"nan":2672.2681302041,"nunez":4556.5516940933,"palermo":4343.0623841269,"parque avellaneda":2280.0731350589,"parque centenario":2800.6465331095,"parque chacabuco":2617.520710336,"parque chas":2918.1226047017,"parque patricios":2044.9221981192,"paternal":2960.4917667498,"plata":2221.5818414651,"pompeya":2194.4445456025,"presidente peron":1082.6379803716,"puerto madero":10795.1053244831,"quilmes":2572.4096892655,"recoleta":3755.839804706,"retiro":3427.0662416203,"saavedra":3786.2350638272,"san cristobal":2931.1396522292,"san nicolas":2843.5434980654,"san telmo":2936.5074565198,"san vicente":1405.00208538,"tribunales":2726.8993564475,"velez sarsfield":2309.6600115958,"versalles":2430.6080552233,"villa crespo":3008.6663289693,"villa devoto":3623.6781605149,"villa general mitre":2539.7051440001,"villa lugano":2242.1799924309,"villa luro":3002.0679765473,"villa ortuzar":4075.2247177118,"villa parque":2942.2444766749,"villa pueyrredon":2989.0795592819,"villa real":2477.9405354551,"villa riachuelo":1731.9174377691,"villa santa rita":2403.7378929932,"villa soldati":1462.244239691,"villa urquiza":3418.4064794794}}