{
    "almagro": 2864.25,
    "balvanera": 2425.0,
    "barracas": 2466.25,
    "belgrano": 3771.75,
    "boca": 1884.5,
    "boedo": 2513.0,
    "caballito": 3072.5,
    "chacarita": 2811.3333333333,
    "coghlan": 3373.25,
    "colegiales": 3512.25,
    "constitucion": 1803.5,
    "flores": 2571.875,
    "floresta": 2082.0,
    "liniers": 2494.0,
    "mataderos": 2709.6,
    "monserrat": 2244.25,
    "monte castro": 2402.3333333333,
    "nunez": 3617.75,
    "palermo": 3840.75,
    "parque avellaneda": 1899.6666666667,
    "parque chacabuco": 2574.0,
    "parque patricios": 2060.25,
    "puerto madero": 6121.0,
    "recoleta": 3704.75,
    "retiro": 3150.75,
    "saavedra": 3101.4285714286,
    "san cristobal": 2339.5714285714,
    "san nicolas": 2453.8,
    "san telmo": 2367.0,
    "velez sarsfield": 2194.75,
    "villa crespo": 2960.625,
    "villa del parque": 2621.3333333333,
    "villa devoto": 2859.25,
    "villa general mitre": 2339.6666666667,
    "villa lugano": 1289.0,
    "villa luro": 2507.8333333333,
    "villa ortuzar": 3298.0,
    "villa pueyrredon": 2842.6666666667,
    "villa santa rita": 2461.6666666667,
    "villa urquiza": 3335.875
}