{
    "centros_geograficos":{
        "La Plata": [-34.92137784728068, -57.95455274162061],
        "Buenos Aires": [-34.61448064637565, -58.44638197269814]
    }
}